{"cameraMode":{"drawMode":0,"name":"Shaded","section":"Shading Mode"},"sceneLighting":false,"audioPlay":false,"sceneViewState":{"m_AlwaysRefresh":false,"showFog":true,"showSkybox":false,"showFlares":true,"showImageEffects":true,"showParticleSystems":true,"showVisualEffectGraphs":true,"m_FxEnabled":true},"in2DMode":false,"pivot":{"x":-8.40999984741211,"y":11.915998458862305,"z":16.489999771118165},"rotation":{"x":0.22148528695106507,"y":0.21158714592456819,"z":-0.04929584637284279,"w":0.9506555199623108},"size":13.420312881469727,"orthographic":true}